pathway_id,pathway_name,mean_abs_ig_attribution,std_abs_ig_attribution,n_seeds
R-HSA-380108,Chemokine receptors bind chemokines,0.00517523950335995,0.0033790347679963006,10
R-HSA-9646399,Aggrephagy,0.004349138368176577,0.00401999705258842,10
R-HSA-6783783,Interleukin-10 signaling,0.004326323199001442,0.004544416352897603,10
R-HSA-9735869,SARS-CoV-1 modulates host translation machinery,0.004077371286358787,0.00444087296498327,10
R-HSA-5626467,RHO GTPases activate IQGAPs,0.003592044604557832,0.0037605870223067694,10
R-HSA-389958,Cooperation of Prefoldin and TriC/CCT  in actin and tubulin folding,0.003524759817632773,0.00309411064498403,10
R-HSA-9749641,Aspirin ADME,0.0032559122633053967,0.002207459405213755,10
R-HSA-156590,Glutathione conjugation,0.0032247100631661446,0.002147678727070453,10
R-HSA-202427,Phosphorylation of CD3 and TCR zeta chains,0.003143155679802778,0.0038348529198426323,10
R-HSA-3371571,HSF1-dependent transactivation,0.0030979808859993197,0.0018363041835030007,10
R-HSA-9619483,Activation of AMPK downstream of NMDARs,0.003085534989330305,0.0038231970346004405,10
R-HSA-5669034,TNFs bind their physiological receptors,0.0029737460145468292,0.003314800537318114,10
R-HSA-5260271,Diseases of Immune System,0.002919249217519191,0.002225311382803624,10
R-HSA-5620924,Intraflagellar transport,0.0027548179337483023,0.002221508232004496,10
R-HSA-68616,Assembly of the ORC complex at the origin of replication,0.002705898206742299,0.003258417236437739,10
R-HSA-190872,Transport of connexons to the plasma membrane,0.0026771255261488673,0.0015529768476910469,10
R-HSA-1483166,Synthesis of PA,0.002645913052434221,0.002233322862431352,10
R-HSA-2142691,Synthesis of Leukotrienes (LT) and Eoxins (EX),0.002642225341305283,0.002204287333254376,10
R-HSA-3371568,Attenuation phase,0.0026389464048260777,0.0023850372353491187,10
R-HSA-389957,Prefoldin mediated transfer of substrate  to CCT/TriC,0.002556639045747937,0.0013249680063522951,10
R-HSA-73728,RNA Polymerase I Promoter Opening,0.002513053404130551,0.0029548215567428825,10
R-HSA-9609736,Assembly and cell surface presentation of NMDA receptors,0.0024924008755311086,0.0019128899888188934,10
R-HSA-194068,Bile acid and bile salt metabolism,0.002460089519226488,0.0016513235544434956,10
R-HSA-1266695,Interleukin-7 signaling,0.0024566882536526504,0.002182507703555927,10
R-HSA-389960,Formation of tubulin folding intermediates by CCT/TriC,0.002438400616423281,0.0017276427297065497,10
R-HSA-6806667,Metabolism of fat-soluble vitamins,0.0024352578512787807,0.0014880360774920949,10
R-HSA-9668328,Sealing of the nuclear envelope (NE) by ESCRT-III,0.002427651008155924,0.002015199543318898,10
R-HSA-9640148,Infection with Enterobacteria,0.002416532316417288,0.001666598163192265,10
R-HSA-9675126,Diseases of mitotic cell cycle,0.0023086126622961483,0.0024699610069790503,10
R-HSA-5676590,NIK-->noncanonical NF-kB signaling,0.0023077962807889697,0.0020935402882944825,10
R-HSA-8955332,Carboxyterminal post-translational modifications of tubulin,0.002292154419541231,0.0012688170871577096,10
R-HSA-5339562,Uptake and actions of bacterial toxins,0.002291133854640665,0.0015824553612184317,10
R-HSA-5625886,Activated PKN1 stimulates transcription of AR (androgen receptor) regulated genes KLK2 and KLK3,0.0022373140240945543,0.00352789794259897,10
R-HSA-77289,Mitochondrial Fatty Acid Beta-Oxidation,0.0022359149615165416,0.002783045035572438,10
R-HSA-168638,NOD1/2 Signaling Pathway,0.002182225107141711,0.0011602050159221539,10
R-HSA-1236978,Cross-presentation of soluble exogenous antigens (endosomes),0.002172246355369958,0.0021396591185350506,10
R-HSA-427359,SIRT1 negatively regulates rRNA expression,0.0021617817350990678,0.0026732013831689766,10
R-HSA-1566948,Elastic fibre formation,0.0021397838748095244,0.0035894490122740986,10
R-HSA-202430,Translocation of ZAP-70 to Immunological synapse,0.0021379187032154086,0.002354032597710221,10
R-HSA-187577,SCF(Skp2)-mediated degradation of p27/p21,0.002057728596321837,0.0021380575710381123,10
R-HSA-192105,Synthesis of bile acids and bile salts,0.0020527588533359393,0.001695333032744309,10
R-HSA-110331,Cleavage of the damaged purine,0.002030037566806869,0.0013224748358904423,10
R-HSA-1222556,ROS and RNS production in phagocytes,0.0020193047057788715,0.001744156452136526,10
R-HSA-390918,Peroxisomal lipid metabolism,0.0020150619383563747,0.0015135609586697319,10
R-HSA-109704,PI3K Cascade,0.002010121734534683,0.0017465519602998915,10
R-HSA-5213460,RIPK1-mediated regulated necrosis,0.0019987103778565996,0.0012055438620135973,10
R-HSA-9830674,Formation of the ureteric bud,0.001957131801591384,0.0017805600435845132,10
R-HSA-73927,Depurination,0.001945749580904175,0.001987347058085588,10
R-HSA-389977,Post-chaperonin tubulin folding pathway,0.0019164063286852527,0.0012333159270795536,10
R-HSA-9031628,NGF-stimulated transcription,0.0019156848179231948,0.002617831501058301,10
R-HSA-5676594,TNF receptor superfamily (TNFSF) members mediating non-canonical NF-kB pathway,0.0018917620676680489,0.0016234279209846865,10
R-HSA-917977,Transferrin endocytosis and recycling,0.0018774876942855491,0.0011609406942160447,10
R-HSA-110330,Recognition and association of DNA glycosylase with site containing an affected purine,0.0018602302838666256,0.0022590680931543314,10
R-HSA-196807,Nicotinate metabolism,0.00186014303968313,0.0009955626979453512,10
R-HSA-3000157,Laminin interactions,0.0018004997254866795,0.002167968413189842,10
R-HSA-9840310,Glycosphingolipid catabolism,0.0017793679015207808,0.0018123779236898874,10
R-HSA-8854691,Interleukin-20 family signaling,0.001732355286348651,0.0015318184668591214,10
R-HSA-9955298,SLC-mediated transport of organic anions,0.0017229157441627052,0.0016167239519993526,10
R-HSA-5334118,DNA methylation,0.001706723524803038,0.0015637963170366926,10
R-HSA-211976,Endogenous sterols,0.0017055170293853617,0.0016695427259844756,10
R-HSA-3000170,Syndecan interactions,0.0017007986316083638,0.001722017587654952,10
R-HSA-8854214,TBC/RABGAPs,0.0016984761126309974,0.0014737764952794598,10
R-HSA-9958863,SLC-mediated transport of amino acids,0.0016822070114691939,0.0008304584796133385,10
R-HSA-8948216,Collagen chain trimerization,0.0016752623499289205,0.0021737411459021136,10
R-HSA-4608870,Asymmetric localization of PCP proteins,0.0016734327562863062,0.0012108261208547749,10
R-HSA-3371511,HSF1 activation,0.0016707067174742754,0.0022662231083563234,10
R-HSA-2129379,Molecules associated with elastic fibres,0.001660946217112768,0.0028721861627377856,10
R-HSA-9670439,"Signaling by phosphorylated juxtamembrane, extracellular and kinase domain KIT mutants",0.001653431959858781,0.001484992062122944,10
R-HSA-9013407,RHOH GTPase cycle,0.0016330292980286962,0.0009889658687689785,10
R-HSA-9619665,EGR2 and SOX10-mediated initiation of Schwann cell myelination,0.0016142081254102304,0.0014178300879997777,10
R-HSA-9725371,Nuclear events stimulated by ALK signaling in cancer,0.0016101874314324426,0.0014530706170583101,10
R-HSA-5223345,Miscellaneous transport and binding events,0.001590953994065988,0.0015027452371144212,10
R-HSA-9705462,Inactivation of CSF3 (G-CSF) signaling,0.001580732662768132,0.0015823283165069333,10
R-HSA-9013424,RHOV GTPase cycle,0.0015733932087397852,0.0020244128783986066,10
R-HSA-5675482,Regulation of necroptotic cell death,0.001557684740625846,0.0011662413422341795,10
R-HSA-399719,Trafficking of AMPA receptors,0.0015493657775899224,0.001106484452668681,10
R-HSA-6804758,Regulation of TP53 Activity through Acetylation,0.0015181748373239243,0.001113559528626276,10
R-HSA-9696273,RND1 GTPase cycle,0.00150747634086613,0.0017473648402183235,10
R-HSA-1482788,Acyl chain remodelling of PC,0.0014991924366769094,0.0010394584655019792,10
R-HSA-438066,"Unblocking of NMDA receptors, glutamate binding and activation",0.001490015079092301,0.001087271601475491,10
R-HSA-9918485,Dengue Virus Attachment and Entry,0.0014894800104944571,0.0012132917683530175,10
R-HSA-5173214,O-glycosylation of TSR domain-containing proteins,0.001485028925310541,0.0014281844750863827,10
R-HSA-877312,Regulation of IFNG signaling,0.0014849772761737494,0.0011361476688329126,10
R-HSA-190861,Gap junction assembly,0.0014826953395357294,0.0019194746167001985,10
R-HSA-9682385,FLT3 signaling in disease,0.0014813208817403265,0.0013064011362860458,10
R-HSA-9933387,"RORA,B,C and NR1D1 (REV-ERBA) regulate gene expression",0.0014779513696968449,0.0012175996083909294,10
R-HSA-5602358,Diseases associated with the TLR signaling cascade,0.001475617095740398,0.0011582916138687745,10
R-HSA-8964043,Plasma lipoprotein clearance,0.0014677791612733688,0.0017560008729631056,10
R-HSA-8854050,FBXL7 down-regulates AURKA during mitotic entry and in early mitosis,0.0014666645881150648,0.0008558837242714016,10
R-HSA-140877,Formation of Fibrin Clot (Clotting Cascade),0.0014650241191780644,0.0012452080781552063,10
R-HSA-9613829,Chaperone Mediated Autophagy,0.0014649356983641537,0.001322720497609318,10
R-HSA-9958790,SLC-mediated transport of inorganic anions,0.001456864941568411,0.0012136733803804253,10
R-HSA-196071,Metabolism of steroid hormones,0.0014511065861512475,0.001167321923378334,10
R-HSA-375280,Amine ligand-binding receptors,0.0014449828592022148,0.0010493882108163592,10
R-HSA-9821993,Replacement of protamines by nucleosomes in the male pronucleus,0.00143924955683629,0.0015436989743859693,10
R-HSA-5654696,Downstream signaling of activated FGFR2,0.0014348261693622856,0.0016380855037004833,10
R-HSA-982772,Growth hormone receptor signaling,0.001430832052095246,0.0009245659420156226,10
R-HSA-352230,Amino acid transport across the plasma membrane,0.001425198908121322,0.0018456728253350679,10
R-HSA-1855204,Synthesis of IP3 and IP4 in the cytosol,0.001418962991246922,0.0015678009433441182,10
R-HSA-167246,Tat-mediated elongation of the HIV-1 transcript,0.001418831329752433,0.0019610276377070948,10
R-HSA-69273,Cyclin A/B1/B2 associated events during G2/M transition,0.0014138053160174927,0.00197181982879658,10
R-HSA-3560782,Diseases associated with glycosaminoglycan metabolism,0.0014088702611030407,0.001952583324262229,10
R-HSA-210991,Basigin interactions,0.001392139140315908,0.000962165876809539,10
R-HSA-1638074,Keratan sulfate/keratin metabolism,0.0013893176974916033,0.0016859559383091188,10
R-HSA-8979227,Triglyceride metabolism,0.0013836828308254746,0.0011232401567004735,10
R-HSA-2173796,SMAD2/SMAD3:SMAD4 heterotrimer regulates transcription,0.0013818279008107157,0.0015656202073526043,10
R-HSA-9687139,Aberrant regulation of mitotic cell cycle due to RB1 defects,0.0013749030448706107,0.0016582197336535286,10
R-HSA-9635486,Infection with Mycobacterium tuberculosis,0.0013702348372018453,0.0014748238408974694,10
R-HSA-5083635,Defective B3GALTL causes PpS,0.0013685992180369733,0.001179787128247945,10
R-HSA-1638091,Heparan sulfate/heparin (HS-GAG) metabolism,0.0013598969319284868,0.0009930831301003342,10
R-HSA-159234,Transport of Mature mRNAs Derived from Intronless Transcripts,0.0013519127723666648,0.0015683309361779628,10
R-HSA-1592389,Activation of Matrix Metalloproteinases,0.001351429944508376,0.0013741644391259405,10
R-HSA-167287,HIV elongation arrest and recovery,0.0013465574024209303,0.0018815537118145645,10
R-HSA-1482839,Acyl chain remodelling of PE,0.0013379715773653108,0.0012904899712648076,10
R-HSA-5673000,RAF activation,0.0013213827781995981,0.0011880661484441621,10
R-HSA-3238698,WNT ligand biogenesis and trafficking,0.0013090197615626843,0.001609510233053542,10
R-HSA-181430,Norepinephrine Neurotransmitter Release Cycle,0.0013066791135140888,0.0011723274359864016,10
R-HSA-212676,Dopamine Neurotransmitter Release Cycle,0.0012985134154422622,0.0009070969373047965,10
R-HSA-9772755,Formation of WDR5-containing histone-modifying complexes,0.0012863292321996117,0.001972599049828396,10
R-HSA-354192,Integrin signaling,0.001281376588893873,0.0011642808000994042,10
R-HSA-159227,Transport of the SLBP independent Mature mRNA,0.0012804232193960794,0.0012963044667387129,10
R-HSA-9909505,Modulation of host responses by IFN-stimulated genes,0.0012754173342299502,0.0011216967897728603,10
R-HSA-75876,Synthesis of very long-chain fatty acyl-CoAs,0.001270138349811592,0.0008856752195984024,10
R-HSA-5656169,Termination of translesion DNA synthesis,0.0012653161848988285,0.0007576574458306679,10
R-HSA-9024446,NR1H2 and NR1H3-mediated signaling,0.0012648906001659506,0.0014484900314469715,10
R-HSA-9860927,"Turbulent (oscillatory, disturbed) flow shear stress activates signaling by PIEZO1 and integrins in endothelial cells",0.001262485705374751,0.0008131185397893222,10
R-HSA-165159,MTOR signalling,0.0012604905306464636,0.0013982629933196708,10
R-HSA-73893,DNA Damage Bypass,0.001246030492489722,0.0008132926419338394,10
R-HSA-201556,Signaling by ALK,0.0012361709323011978,0.0009501315727467262,10
R-HSA-5357786,TNFR1-induced proapoptotic signaling,0.0012345554745387668,0.000876359388444678,10
R-HSA-9856532,Mechanical load activates signaling by PIEZO1 and integrins in osteocytes,0.0012339927337856136,0.0007477627119783589,10
R-HSA-5357769,Caspase activation via extrinsic apoptotic signalling pathway,0.0012327322894038438,0.0011120843290095175,10
R-HSA-72165,mRNA Splicing - Minor Pathway,0.0012288674786071184,0.0011394162395426872,10
R-HSA-977068,Termination of O-glycan biosynthesis,0.0012268532321765572,0.000994449343506189,10
R-HSA-9703465,Signaling by FLT3 fusion proteins,0.0012229381107716176,0.001480003245611875,10
R-HSA-450408,AUF1 (hnRNP D0) binds and destabilizes mRNA,0.0012173612925004446,0.001054394420278391,10
R-HSA-2024096,HS-GAG degradation,0.001216083350769747,0.0013909217428627596,10
R-HSA-975634,Retinoid metabolism and transport,0.001209359558754384,0.001223262632994068,10
R-HSA-4641265,Repression of WNT target genes,0.0012052132569544606,0.0010941815751730382,10
R-HSA-163560,Triglyceride catabolism,0.0012036825987901127,0.0008073476548839891,10
R-HSA-180910,Vpr-mediated nuclear import of PICs,0.001196525576695833,0.0017722134322458202,10
R-HSA-210500,Glutamate Neurotransmitter Release Cycle,0.0011954979306507225,0.0012450747547419945,10
R-HSA-5357956,TNFR1-induced NF-kappa-B signaling pathway,0.0011926074937090303,0.0011296672381940246,10
R-HSA-5579029,Metabolic disorders of biological oxidation enzymes,0.0011925355835505436,0.0010179638906034473,10
R-HSA-182971,EGFR downregulation,0.0011883657921013915,0.0014886573301993611,10
R-HSA-5689901,Metalloprotease DUBs,0.0011874478842361998,0.0009874556060644561,10
R-HSA-181429,Serotonin Neurotransmitter Release Cycle,0.0011847502541855908,0.001098291669632444,10
R-HSA-5607761,Dectin-1 mediated noncanonical NF-kB signaling,0.0011832937930233525,0.0009861665292264128,10
R-HSA-5620971,Pyroptosis,0.0011816632051318543,0.0010792526318949096,10
R-HSA-4791275,Signaling by WNT in cancer,0.0011812584657270304,0.0012054785644616019,10
R-HSA-5620922,BBSome-mediated cargo-targeting to cilium,0.001179424329661253,0.001567630555447866,10
R-HSA-9864848,Complex IV assembly,0.001161929470023852,0.0008812485462285797,10
R-HSA-449836,Other interleukin signaling,0.0011606009868948526,0.0011351005991925324,10
R-HSA-9748787,Azathioprine ADME,0.0011583624545288744,0.0010186044721597139,10
R-HSA-174113,SCF-beta-TrCP mediated degradation of Emi1,0.0011577567845497574,0.0010577837613491565,10
R-HSA-9931953,Biofilm formation,0.00115451990231697,0.0015882114282801444,10
R-HSA-9035034,RHOF GTPase cycle,0.0011506916403533653,0.001351803995138617,10
R-HSA-6803204,TP53 Regulates Transcription of Genes Involved in Cytochrome C Release,0.0011442382379076826,0.0010201870236417683,10
R-HSA-9665686,Signaling by ERBB2 TMD/JMD mutants,0.001140491917626662,0.0010891884580212592,10
R-HSA-9620244,Long-term potentiation,0.0011366787811876154,0.0005859102806480886,10
R-HSA-452723,Transcriptional regulation of pluripotent stem cells,0.0011325475115611446,0.0011163389417050984,10
R-HSA-3560801,Defective B3GAT3 causes JDSSDHD,0.0011259779251435197,0.0016550223745539897,10
R-HSA-8863795,Downregulation of ERBB2 signaling,0.0011219210161753667,0.0010112595367210862,10
R-HSA-9664565,Signaling by ERBB2 KD Mutants,0.0011217158337418602,0.0006892371244787579,10
R-HSA-176033,Interactions of Vpr with host cellular proteins,0.001116322110009458,0.0016766613951176292,10
R-HSA-442742,CREB1 phosphorylation through NMDA receptor-mediated activation of RAS signaling,0.001100316669468846,0.0010710806469975773,10
R-HSA-499943,Interconversion of nucleotide di- and triphosphates,0.0010931143376223882,0.0007879915697022342,10
R-HSA-1660661,Sphingolipid de novo biosynthesis,0.0010920472013369248,0.001025684977125149,10
R-HSA-9843743,Transcriptional regulation of brown and beige adipocyte differentiation,0.0010920277635438351,0.0011357120645916132,10
R-HSA-159231,Transport of Mature mRNA Derived from an Intronless Transcript,0.0010897163740383627,0.0015173932955246862,10
R-HSA-933542,TRAF6 mediated NF-kB activation,0.0010882208270953455,0.0009425183982405652,10
R-HSA-9013508,NOTCH3 Intracellular Domain Regulates Transcription,0.0010874168654087062,0.0010829927904249777,10
R-HSA-9022692,Regulation of MECP2 expression and activity,0.0010853401343539158,0.001128522727646943,10
R-HSA-9734009,Defective Intrinsic Pathway for Apoptosis,0.0010742923750563416,0.0007906097965804683,10
R-HSA-392154,Nitric oxide stimulates guanylate cyclase,0.0010705819241963379,0.0007215897355446615,10
R-HSA-390471,Association of TriC/CCT with target proteins during biosynthesis,0.0010612459744222583,0.0006617454883870578,10
R-HSA-9764260,Regulation of Expression and Function of Type II Classical Cadherins,0.001060973978471101,0.0010035285392232531,10
R-HSA-70263,Gluconeogenesis,0.0010591286617814,0.000687560920898728,10
R-HSA-9818027,NFE2L2 regulating anti-oxidant/detoxification enzymes,0.0010582838819862789,0.0009954466481895585,10
R-HSA-1227990,Signaling by ERBB2 in Cancer,0.001056967781116205,0.0010808925406261157,10
R-HSA-399721,"Glutamate binding, activation of AMPA receptors and synaptic plasticity",0.001053573778490359,0.0007575100791534463,10
R-HSA-9615710,Late endosomal microautophagy,0.0010535697697247309,0.0008547230146854428,10
R-HSA-9927432,Developmental Lineage of Mammary Gland Myoepithelial Cells,0.0010490725548966528,0.0008768117962831153,10
R-HSA-114508,Effects of PIP2 hydrolysis,0.001048585394111267,0.0008791407176553944,10
R-HSA-77387,Insulin receptor recycling,0.0010483469389387045,0.001120849490350688,10
R-HSA-1296059,G protein gated Potassium channels,0.0010462203439704023,0.0006475193624366422,10
R-HSA-9820960,Respiratory syncytial virus (RSV) attachment and entry,0.0010461613102178266,0.0014140004598262787,10
R-HSA-379724,tRNA Aminoacylation,0.0010451713169190584,0.0009404071912335626,10
R-HSA-2173795,Downregulation of SMAD2/3:SMAD4 transcriptional activity,0.0010446834774249642,0.0008171359479095802,10
R-HSA-168276,NS1 Mediated Effects on Host Pathways,0.0010359281300656698,0.0010677158839465441,10
R-HSA-2022928,HS-GAG biosynthesis,0.0010304396790602574,0.0011029886258465632,10
R-HSA-8949613,Cristae formation,0.0010304155883816444,0.0013828994507563291,10
R-HSA-9938206,Developmental Lineage of Mammary Stem Cells,0.0010263215435131314,0.0008713741225026542,10
R-HSA-180585,Vif-mediated degradation of APOBEC3G,0.0010247854290058485,0.0009603128374331823,10
R-HSA-2022854,Keratan sulfate biosynthesis,0.0010033084876212182,0.0010595770453629486,10
R-HSA-1606322,ZBP1(DAI) mediated induction of type I IFNs,0.001002439175705858,0.001115993882219719,10
R-HSA-1236382,Constitutive Signaling by Ligand-Responsive EGFR Cancer Variants,0.0009930044362557746,0.0006933230592050079,10
R-HSA-9674555,Signaling by CSF3 (G-CSF),0.000991625496794601,0.0005782287232599766,10
R-HSA-9759475,Regulation of CDH11 Expression and Function,0.0009916003942269196,0.0012857713270507832,10
R-HSA-9830364,Formation of the nephric duct,0.0009900770549511359,0.0007677461501290669,10
R-HSA-9861718,Regulation of pyruvate metabolism,0.000989917174824312,0.0005358437318915663,10
R-HSA-70895,Branched-chain amino acid catabolism,0.0009881668550605865,0.00119863074055968,10
R-HSA-9664424,Cell recruitment (pro-inflammatory response),0.000987102072745078,0.0009802884936524652,10
R-HSA-193639,p75NTR signals via NF-kB,0.0009817064749207888,0.0012361712467737328,10
R-HSA-75815,Ubiquitin-dependent degradation of Cyclin D,0.0009773620667573408,0.0012102017632415333,10
R-HSA-380972,Energy dependent regulation of mTOR by LKB1-AMPK,0.0009725686583160805,0.0007989020192422203,10
R-HSA-5637815,Signaling by Ligand-Responsive EGFR Variants in Cancer,0.0009674228817929951,0.0010318313543472791,10
R-HSA-445144,Signal transduction by L1,0.0009611851015558189,0.0012066870779749207,10
R-HSA-5694530,Cargo concentration in the ER,0.0009599423657927046,0.0008659689610374952,10
R-HSA-9615933,Postmitotic nuclear pore complex (NPC) reformation,0.0009595717122645702,0.0009672477141781196,10
R-HSA-5668599,RHO GTPases Activate NADPH Oxidases,0.0009591181244883755,0.0017693895597045485,10
R-HSA-167243,Tat-mediated HIV elongation arrest and recovery,0.0009557724938021008,0.0009140086425042666,10
R-HSA-9753281,Paracetamol ADME,0.0009544794475818406,0.0009030307562317674,10
R-HSA-4090294,SUMOylation of intracellular receptors,0.0009506489157064129,0.0007382212511080709,10
R-HSA-418217,G beta:gamma signalling through PLC beta,0.0009487662957074533,0.0010457242259575609,10
R-HSA-425397,"Transport of vitamins, nucleosides, and related molecules",0.0009446316545221144,0.0006817367751222256,10
R-HSA-159230,Transport of the SLBP Dependant Mature mRNA,0.0009418798561079934,0.0011203229352815085,10
R-HSA-9660826,Purinergic signaling in leishmaniasis infection,0.0009391677399055208,0.0008216995712285662,10
R-HSA-9931510,Phosphorylated BMAL1:CLOCK (ARNTL:CLOCK) activates expression of core clock genes,0.0009370011870800738,0.0008652131614262895,10
R-HSA-1839124,FGFR1 mutant receptor activation,0.0009369588076716254,0.0008942900685722119,10
R-HSA-8849932,Synaptic adhesion-like molecules,0.0009359988982216088,0.0006143827699220487,10
R-HSA-888590,"GABA synthesis, release, reuptake and degradation",0.0009307498965156442,0.0008443460786973568,10
R-HSA-76009,Platelet Aggregation (Plug Formation),0.0009247702199808097,0.0006098607143334023,10
R-HSA-71403,Citric acid cycle (TCA cycle),0.0009243416717720318,0.0013249341458146675,10
R-HSA-9709603,Impaired BRCA2 binding to PALB2,0.0009231240304078651,0.0011991323042125086,10
R-HSA-432720,Lysosome Vesicle Biogenesis,0.000916392143801263,0.000986227565419998,10
R-HSA-1181150,Signaling by NODAL,0.0009156675584084948,0.0012279449160107312,10
R-HSA-9694614,Attachment and Entry,0.000915150298810178,0.0011474140859296569,10
R-HSA-5362768,Hh mutants are degraded by ERAD,0.0009130761885282063,0.0005576200228129815,10
R-HSA-1963642,PI3K events in ERBB2 signaling,0.0009128523287656797,0.001074656353944248,10
R-HSA-5693554,Resolution of D-loop Structures through Synthesis-Dependent Strand Annealing (SDSA),0.0009096738226460957,0.00079111295431014,10
R-HSA-9825892,Regulation of MITF-M-dependent genes involved in cell cycle and proliferation,0.0009080239529083468,0.00046687151663153426,10
R-HSA-6783310,Fanconi Anemia Pathway,0.000907163736534066,0.0014062330435109557,10
R-HSA-2024101,CS/DS degradation,0.000906446726621375,0.0011436424011905231,10
R-HSA-163359,Glucagon signaling in metabolic regulation,0.0009061852452838855,0.000808683620299975,10
R-HSA-917729,Endosomal Sorting Complex Required For Transport (ESCRT),0.0009015444617669841,0.0007107564000797035,10
R-HSA-3928663,EPHA-mediated growth cone collapse,0.0009005979811535702,0.0007717957698405506,10
R-HSA-8941858,Regulation of RUNX3 expression and activity,0.0008991701309155246,0.0007361469583332358,10
R-HSA-9006115,Signaling by NTRK2 (TRKB),0.0008954441193300478,0.001408772324300259,10
R-HSA-9701192,Defective homologous recombination repair (HRR) due to BRCA1 loss of function,0.0008949287225248001,0.0008444555907383668,10
R-HSA-9680350,Signaling by CSF1 (M-CSF) in myeloid cells,0.0008944458982043694,0.0009152855203821826,10
R-HSA-1912420,Pre-NOTCH Processing in Golgi,0.0008929685141915474,0.0008585020601731863,10
R-HSA-9603798,Class I peroxisomal membrane protein import,0.0008885986264302624,0.0011415656405974809,10
R-HSA-4641262,Disassembly of the destruction complex and recruitment of AXIN to the membrane,0.0008873226706935594,0.0008664606503089325,10
R-HSA-1250196,SHC1 events in ERBB2 signaling,0.0008857361354469761,0.0008913463421215769,10
R-HSA-187687,Signalling to ERKs,0.0008826182151087005,0.001408082849837504,10
R-HSA-350054,Notch-HLH transcription pathway,0.0008815276025484192,0.000884188289232291,10
R-HSA-8874081,MET activates PTK2 signaling,0.000874820865778936,0.0007287404496520792,10
R-HSA-5655253,Signaling by FGFR2 in disease,0.0008747245024443859,0.0008951412410635821,10
R-HSA-5693537,Resolution of D-Loop Structures,0.0008706002790724481,0.0012903614886772055,10
R-HSA-1368108,"BMAL1:CLOCK,NPAS2 activates circadian expression",0.0008677103619129127,0.0007391855046306919,10
R-HSA-168333,NEP/NS2 Interacts with the Cellular Export Machinery,0.000863045501255856,0.0006414463387440061,10
R-HSA-456926,Thrombin signalling through proteinase activated receptors (PARs),0.0008593508557669012,0.0007691685995219785,10
R-HSA-451326,Activation of kainate receptors upon glutamate binding,0.0008565206852770924,0.0005941641218113402,10
R-HSA-8963899,Plasma lipoprotein remodeling,0.0008560673306395346,0.0007100802816553249,10
R-HSA-264876,Insulin processing,0.0008528370537143219,0.0006248253412789694,10
R-HSA-351202,Metabolism of polyamines,0.000852116646918441,0.0009840632792061789,10
R-HSA-9932298,Degradation of CRY and PER proteins,0.0008520459425024275,0.0007992278243518473,10
R-HSA-2173788,Downregulation of TGF-beta receptor signaling,0.0008490865838627791,0.0007298291002716858,10
R-HSA-6783589,Interleukin-6 family signaling,0.0008483337183664088,0.0012091954439431606,10
R-HSA-5610783,Degradation of GLI2 by the proteasome,0.0008457275584363971,0.0008786770569920806,10
R-HSA-418360,Platelet calcium homeostasis,0.0008422082559079757,0.0007098085977134347,10
R-HSA-9006335,Signaling by Erythropoietin,0.0008407893263639256,0.0006376564491812227,10
R-HSA-8982491,Glycogen metabolism,0.0008401686313161578,0.000606230005936998,10
R-HSA-9648002,RAS processing,0.0008396561265562798,0.0004094277908590303,10
R-HSA-3214842,HDMs demethylate histones,0.0008363258206630639,0.0005723635788653867,10
R-HSA-170822,Regulation of Glucokinase by Glucokinase Regulatory Protein,0.0008347965783359867,0.0007699502036215785,10
R-HSA-180534,Vpu mediated degradation of CD4,0.0008318010886376426,0.0006838216784137281,10
R-HSA-9696264,RND3 GTPase cycle,0.0008310863682037702,0.0008906949171994226,10
R-HSA-1482801,Acyl chain remodelling of PS,0.0008305432515721874,0.0008795247637074922,10
R-HSA-167152,Formation of HIV elongation complex in the absence of HIV Tat,0.0008225228460755097,0.0008753138589780107,10
R-HSA-180746,Nuclear import of Rev protein,0.0008186087531740207,0.0007986863733492085,10
R-HSA-9703648,Signaling by FLT3 ITD and TKD mutants,0.000815855722454523,0.0011164645600650355,10
R-HSA-164952,The role of Nef in HIV-1 replication and disease pathogenesis,0.0008098235305072117,0.000985801404724968,10
R-HSA-5685938,HDR through Single Strand Annealing (SSA),0.0008028085213346459,0.0008436406776051751,10
R-HSA-8863678,Neurodegenerative Diseases,0.0008001362368003822,0.0009574958244302833,10
R-HSA-201451,Signaling by BMP,0.0007989681186750577,0.0006296904470206436,10
R-HSA-9027284,Erythropoietin activates RAS,0.0007977614728209226,0.001035971414236769,10
R-HSA-9669938,Signaling by KIT in disease,0.0007915284052516456,0.0010126730675041684,10
R-HSA-176187,Activation of ATR in response to replication stress,0.0007905411988118994,0.0011128706728440795,10
R-HSA-420092,Glucagon-type ligand receptors,0.000786969315289471,0.0004930126235443336,10
R-HSA-445095,Interaction between L1 and Ankyrins,0.0007868426737052759,0.0008840332473371482,10
R-HSA-9929356,GSK3B-mediated proteasomal degradation of PD-L1(CD274),0.0007863750387235439,0.0006635996415699602,10
R-HSA-5637810,Constitutive Signaling by EGFRvIII,0.000785356919875861,0.0005814565912219452,10
R-HSA-9768919,NPAS4 regulates expression of target genes,0.000779582764402473,0.0005124281458143239,10
R-HSA-9834899,Specification of the neural plate border,0.0007789206637885055,0.0007612888049639807,10
R-HSA-167238,Pausing and recovery of Tat-mediated HIV elongation,0.0007750190939641801,0.0003815788559125463,10
R-HSA-500657,Presynaptic function of Kainate receptors,0.0007737384749333094,0.0008180338042110948,10
R-HSA-2559585,Oncogene Induced Senescence,0.0007647963303280503,0.0010389452738916827,10
R-HSA-1296072,Voltage gated Potassium channels,0.0007643548267127542,0.0004956540654973308,10
R-HSA-8978934,Metabolism of cofactors,0.0007642270790845648,0.0009024439647449811,10
R-HSA-177243,Interactions of Rev with host cellular proteins,0.0007614519247520977,0.0007843912506191922,10
R-HSA-1963640,GRB2 events in ERBB2 signaling,0.0007604576358077435,0.0009044391272840373,10
R-HSA-391160,Signal regulatory protein family interactions,0.0007601534805803592,0.0011112908945353332,10
R-HSA-749476,RNA Polymerase III Abortive And Retractive Initiation,0.0007529168967818628,0.0009566723125097918,10
R-HSA-975576,N-glycan antennae elongation in the medial/trans-Golgi,0.0007516499299422786,0.0006383212571519122,10
R-HSA-9733709,Cardiogenesis,0.0007435154201828676,0.0007248400411977319,10
R-HSA-9920588,Dengue virus activates/modulates innate and adaptive immune responses,0.0007405606897565904,0.0007023178578730216,10
R-HSA-6811438,Intra-Golgi traffic,0.0007404662416520208,0.001171009531537869,10
R-HSA-76046,RNA Polymerase III Transcription Initiation,0.0007359047009021563,0.0005258975001432117,10
R-HSA-9931509,"Expression of BMAL (ARNTL), CLOCK, and NPAS2",0.0007339914438105499,0.0008777106891145581,10
R-HSA-5603041,IRAK4 deficiency (TLR2/4),0.0007300741950839387,0.0009542408108644793,10
R-HSA-5602498,MyD88 deficiency (TLR2/4),0.0007282612433649935,0.0006116168877505862,10
R-HSA-2514856,The phototransduction cascade,0.0007280579151714321,0.000554875696188219,10
R-HSA-397795,G-protein beta:gamma signalling,0.0007273980759693829,0.0005582482919837382,10
R-HSA-6803529,FGFR2 alternative splicing,0.0007265740738986926,0.0007360969534417768,10
R-HSA-420029,Tight junction interactions,0.0007259493927715031,0.0007367575759415121,10
R-HSA-2022377,Metabolism of Angiotensinogen to Angiotensins,0.0007239882264914635,0.0007659820650466037,10
R-HSA-9696270,RND2 GTPase cycle,0.0007207348241492749,0.0006803769539456369,10
R-HSA-5693568,Resolution of D-loop Structures through Holliday Junction Intermediates,0.0007194803863289133,0.0007878874941906454,10
R-HSA-168274,Export of Viral Ribonucleoproteins from Nucleus,0.0007127525303033683,0.0009211229407387821,10
R-HSA-167200,Formation of HIV-1 elongation complex containing HIV-1 Tat,0.0007092968177521985,0.0006372416131974948,10
R-HSA-2032785,YAP1- and WWTR1 (TAZ)-stimulated gene expression,0.0007072125192255929,0.001058377250196056,10
R-HSA-418457,cGMP effects,0.0007062971947141736,0.0007154231895964257,10
R-HSA-392451,G beta:gamma signalling through PI3Kgamma,0.0007057839172731178,0.0008741963685377391,10
R-HSA-5683826,Surfactant metabolism,0.0006990199725209736,0.0007622392932327785,10
R-HSA-8956319,Nucleotide catabolism,0.0006983759461408707,0.0005827680760238621,10
R-HSA-416700,Other semaphorin interactions,0.0006963645330025387,0.000841775095423532,10
R-HSA-912526,Interleukin receptor SHC signaling,0.0006947690195837072,0.0006877375058989296,10
R-HSA-3560783,"Defective B4GALT7 causes EDS, progeroid type",0.0006921839454721775,0.0008810449034574227,10
R-HSA-4641263,Regulation of FZD by ubiquitination,0.000690670187488942,0.000689047394027581,10
R-HSA-622312,Inflammasomes,0.000690628343288979,0.0008619841528881288,10
R-HSA-167169,HIV Transcription Elongation,0.0006906168085349756,0.0005130786440013264,10
R-HSA-2243919,Crosslinking of collagen fibrils,0.0006902929701310251,0.00047299995374584325,10
R-HSA-8862803,Deregulated CDK5 triggers multiple neurodegenerative pathways in Alzheimer's disease models,0.0006836735172678919,0.0007833612702841194,10
R-HSA-8983432,Interleukin-15 signaling,0.0006824164803307088,0.0006180248711530284,10
R-HSA-392518,Signal amplification,0.0006815833847307396,0.0008022015618205776,10
R-HSA-3928664,Ephrin signaling,0.0006801456802206159,0.0005376380454888004,10
R-HSA-418592,ADP signalling through P2Y purinoceptor 1,0.0006729217650808677,0.0005813602927638442,10
R-HSA-202040,G-protein activation,0.0006708683348283875,0.0003830500006985181,10
R-HSA-69205,G1/S-Specific Transcription,0.0006666537278091502,0.0007892239699886145,10
R-HSA-4085377,SUMOylation of SUMOylation proteins,0.0006610414590322585,0.0008308390615561092,10
R-HSA-9665348,Signaling by ERBB2 ECD mutants,0.0006591399751548053,0.0005492195129954384,10
R-HSA-9638630,Attachment of bacteria to epithelial cells,0.0006565185622601726,0.0004987172921505216,10
R-HSA-8940973,RUNX2 regulates osteoblast differentiation,0.0006539812421549049,0.000703066457180299,10
R-HSA-349425,Autodegradation of the E3 ubiquitin ligase COP1,0.0006505330257791603,0.0007433478889729232,10
R-HSA-169911,Regulation of Apoptosis,0.0006496013935613774,0.00042953293579208596,10
R-HSA-164938,Nef-mediates down modulation of cell surface receptors by recruiting them to clathrin adapters,0.0006485417011688288,0.0006178818680174403,10
R-HSA-8941326,RUNX2 regulates bone development,0.0006471926783358032,0.0007468382255194758,10
R-HSA-191273,Cholesterol biosynthesis,0.0006453037782040788,0.0007681001875200625,10
R-HSA-2979096,NOTCH2 Activation and Transmission of Signal to the Nucleus,0.0006407744786534446,0.000748099171661341,10
R-HSA-9932444,ATP-dependent chromatin remodelers,0.000635835232578169,0.0003566548838100679,10
R-HSA-5654727,Negative regulation of FGFR2 signaling,0.0006328203144114245,0.0005850839947548614,10
R-HSA-9634815,Transcriptional Regulation by NPAS4,0.0006312028275783681,0.000688935166544872,10
R-HSA-180024,DARPP-32 events,0.0006247529856736912,0.0005504141616763323,10
R-HSA-389513,Co-inhibition by CTLA4,0.0006232677839160895,0.0005781159944522161,10
R-HSA-9614657,FOXO-mediated transcription of cell death genes,0.0006219032794662658,0.0006535919521479903,10
R-HSA-1793185,Chondroitin sulfate/dermatan sulfate metabolism,0.0006168820001090844,0.0005073917955965166,10
R-HSA-9820841,M-decay: degradation of maternal mRNAs by maternally stored factors,0.0006160405026049615,0.0005396678902056129,10
R-HSA-2514859,"Inactivation, recovery and regulation of the phototransduction cascade",0.000614599421189163,0.0006513258656676075,10
R-HSA-5637812,Signaling by EGFRvIII in Cancer,0.0006139635427653979,0.0010150240347711744,10
R-HSA-9671555,Signaling by PDGFR in disease,0.0006130736814337458,0.0007170178263966417,10
R-HSA-1643713,Signaling by EGFR in Cancer,0.0006124422011084123,0.000463268728332578,10
R-HSA-5696397,Gap-filling DNA repair synthesis and ligation in GG-NER,0.0006090269555230662,0.0007450264258171926,10
R-HSA-74158,RNA Polymerase III Transcription,0.0006085217198478916,0.0004805943360589446,10
R-HSA-5663084,Diseases of carbohydrate metabolism,0.0006082617417508516,0.000547306495255334,10
R-HSA-9659787,Aberrant regulation of mitotic G1/S transition in cancer due to RB1 defects,0.0006081007611898408,0.0007988975196887314,10
R-HSA-111471,Apoptotic factor-mediated response,0.0006075339108825835,0.000840002092337747,10
R-HSA-2022870,CS-GAG biosynthesis,0.0006072779116675585,0.0006965407680046712,10
R-HSA-171306,Packaging Of Telomere Ends,0.0006023862541685411,0.0007147918202070245,10
R-HSA-210993,Tie2 Signaling,0.0005999840049406245,0.0009188177473631934,10
R-HSA-9013507,NOTCH3 Activation and Transmission of Signal to the Nucleus,0.0005995810196735467,0.0006564808260034354,10
R-HSA-9661069,"Defective binding of RB1 mutants to E2F1,(E2F2, E2F3)",0.0005925499871028006,0.0004820297701330768,10
R-HSA-9772572,Early SARS-CoV-2 Infection Events,0.000591283905975389,0.0005515721556912588,10
R-HSA-9840309,Glycosphingolipid biosynthesis,0.0005902014680129176,0.001067250620587733,10
R-HSA-168325,Viral Messenger RNA Synthesis,0.0005886574292218006,0.0007852298284633996,10
R-HSA-5654716,Downstream signaling of activated FGFR4,0.0005885846526943914,0.00043374453365152896,10
R-HSA-5218921,VEGFR2 mediated cell proliferation,0.0005842964990572319,0.00031638448516102205,10
R-HSA-9762114,GSK3B and BTRC:CUL1-mediated-degradation of NFE2L2,0.0005728808638139944,0.0004375358642051571,10
R-HSA-167290,Pausing and recovery of HIV elongation,0.0005699149902832711,0.0006713279013022286,10
R-HSA-76071,RNA Polymerase III Transcription Initiation From Type 3 Promoter,0.0005691516827714355,0.0004989159698433769,10
R-HSA-5651801,PCNA-Dependent Long Patch Base Excision Repair,0.0005651908907423364,0.0007119328537278719,10
R-HSA-5654733,Negative regulation of FGFR4 signaling,0.0005646622550093912,0.0006181424021903034,10
R-HSA-110313,Translesion synthesis by Y family DNA polymerases bypasses lesions on DNA template,0.0005613735909201108,0.0009905476998619998,10
R-HSA-68962,Activation of the pre-replicative complex,0.000555613392672334,0.0008491375453290689,10
R-HSA-5655332,Signaling by FGFR3 in disease,0.0005535399455275419,0.0004166817247584875,10
R-HSA-2424491,DAP12 signaling,0.0005495955182110514,0.0007723640510768621,10
R-HSA-5621575,CD209 (DC-SIGN) signaling,0.0005481925341155973,0.0008439497158062771,10
R-HSA-9029569,NR1H3 & NR1H2 regulate gene expression linked to cholesterol transport and efflux,0.0005456000237972301,0.0004634026858211934,10
R-HSA-9865881,Complex III assembly,0.0005444754831981686,0.0003901604608262214,10
R-HSA-1614635,Sulfur amino acid metabolism,0.0005417208914315364,0.0006826192686595932,10
R-HSA-428930,Thromboxane signalling through TP receptor,0.0005396993919901867,0.00042237064461880146,10
R-HSA-997272,Inhibition  of voltage gated Ca2+ channels via Gbeta/gamma subunits,0.0005377382999121039,0.0005412135601539742,10
R-HSA-9034015,Signaling by NTRK3 (TRKC),0.0005367655518470194,0.0005188635496570866,10
R-HSA-162588,Budding and maturation of HIV virion,0.0005325304304434485,0.0005869904251237101,10
R-HSA-5387390,Hh mutants abrogate ligand secretion,0.0005268998860262126,0.0003518550919190339,10
R-HSA-1296041,Activation of G protein gated Potassium channels,0.0005243396319391749,0.0005839224967739455,10
R-HSA-4641258,Degradation of DVL,0.0005240748737008694,0.000518303599017624,10
R-HSA-5686938,Regulation of TLR by endogenous ligand,0.0005218197317985963,0.0005795871171786427,10
R-HSA-165054,Rev-mediated nuclear export of HIV RNA,0.0005201972957853283,0.0006656260197527336,10
R-HSA-1971475,Glycosaminoglycan-protein linkage region biosynthesis,0.0005198242262468666,0.0004191798161589474,10
R-HSA-3299685,Detoxification of Reactive Oxygen Species,0.0005081340070945498,0.00046484219603085873,10
R-HSA-1538133,G0 and Early G1,0.000507812583867013,0.0006859525224649119,10
R-HSA-70221,Glycogen breakdown (glycogenolysis),0.0005050004432157105,0.0005385258181719401,10
R-HSA-5675221,Negative regulation of MAPK pathway,0.0005047018412525894,0.0005747937536988639,10
R-HSA-2122948,Activated NOTCH1 Transmits Signal to the Nucleus,0.0005043771493202471,0.0005275481018837346,10
R-HSA-5635838,Activation of SMO,0.0005032949906620376,0.0004114736732347218,10
R-HSA-4420332,Defective B3GALT6 causes EDSP2 and SEMDJL1,0.0005006737064778623,0.0008048949386593632,10
R-HSA-400685,Sema4D in semaphorin signaling,0.0004923764584005578,0.000604181403874894,10
R-HSA-373753,Nephrin family interactions,0.0004920022431263053,0.0004942796592534765,10
R-HSA-9634638,Estrogen-dependent nuclear events downstream of ESR-membrane signaling,0.0004903637583236226,0.0003600819702682686,10
R-HSA-5654687,Downstream signaling of activated FGFR1,0.000489946358562476,0.0008540664967692189,10
R-HSA-186712,Regulation of beta-cell development,0.0004894929467642679,0.0003904212042211011,10
R-HSA-168271,Transport of Ribonucleoproteins into the Host Nucleus,0.00048820318474517385,0.0003258589670572035,10
R-HSA-180292,GAB1 signalosome,0.00048775332670750887,0.0005747410476782354,10
R-HSA-69190,DNA strand elongation,0.00048675290887296925,0.0004995588450481607,10
R-HSA-176974,Unwinding of DNA,0.0004779162525480347,0.0004492044531311349,10
R-HSA-429947,Deadenylation of mRNA,0.00047449762784514766,0.0003809017166550679,10
R-HSA-1839126,FGFR2 mutant receptor activation,0.00047420239826486316,0.0003950671852328229,10
R-HSA-1362277,Transcription of E2F targets under negative control by DREAM complex,0.0004707340966787991,0.0004977961458161471,10
R-HSA-112409,RAF-independent MAPK1/3 activation,0.0004705641509154727,0.0004554710532030277,10
R-HSA-174417,Telomere C-strand (Lagging Strand) Synthesis,0.0004692169065273723,0.00038144590142528305,10
R-HSA-9704331,Defective HDR through Homologous Recombination Repair (HRR) due to PALB2 loss of BRCA1 binding function,0.00046880347546284976,0.00038168675426785873,10
R-HSA-5654708,Downstream signaling of activated FGFR3,0.00046768487030834525,0.00035278625004713795,10
R-HSA-9027276,Erythropoietin activates Phosphoinositide-3-kinase (PI3K),0.000467072859449866,0.0003868562447594726,10
R-HSA-9617828,FOXO-mediated transcription of cell cycle genes,0.0004614863630968506,0.0003815873700975019,10
R-HSA-73933,Resolution of Abasic Sites (AP sites),0.00046126839449032043,0.000509077332829117,10
R-HSA-9704646,Defective HDR through Homologous Recombination Repair (HRR) due to PALB2 loss of BRCA2/RAD51/RAD51C binding function,0.00046034136524068087,0.0004806058880279134,10
R-HSA-9833109,Evasion by RSV of host interferon responses,0.0004584122404569289,0.0005101643789060329,10
R-HSA-5627117,RHO GTPases Activate ROCKs,0.0004524607269469822,0.0009504947930597788,10
R-HSA-1566977,Fibronectin matrix formation,0.000450026707682277,0.00042969568342611253,10
R-HSA-9844594,Transcriptional regulation of brown and beige adipocyte differentiation by EBF2,0.00044939009462692585,0.0003205819281389091,10
R-HSA-5358508,Mismatch Repair,0.00043675321188430156,0.0007431259610157128,10
R-HSA-1369062,ABC transporters in lipid homeostasis,0.00043671150152846394,0.0002891102232668146,10
R-HSA-4641257,Degradation of AXIN,0.0004343879449739081,0.0004037634152082459,10
R-HSA-844456,The NLRP3 inflammasome,0.0004304452835651361,0.0004882885508789359,10
R-HSA-912631,Regulation of signaling by CBL,0.00042959179329257676,0.0005188516158259768,10
R-HSA-167044,Signalling to RAS,0.0004264914815993409,0.0005179411688042207,10
R-HSA-5601884,PIWI-interacting RNA (piRNA) biogenesis,0.00042589785116476037,0.0003429114721981361,10
R-HSA-5619107,Defective TPR may confer susceptibility towards thyroid papillary carcinoma (TPC),0.00042366109997108575,0.00047106620665963436,10
R-HSA-9839394,TGFBR3 expression,0.0004204593353835359,0.0005838392967390933,10
R-HSA-1502540,Signaling by Activin,0.00041892721236996903,0.00032554449838116147,10
R-HSA-9013695,NOTCH4 Intracellular Domain Regulates Transcription,0.0004156056269642362,0.00039865857256216226,10
R-HSA-8876384,Listeria monocytogenes entry into host cells,0.0004137339588186786,0.0005277487186675339,10
R-HSA-110314,Recognition of DNA damage by PCNA-containing replication complex,0.00041006415183678584,0.0005128315556724045,10
R-HSA-399997,Acetylcholine regulates insulin secretion,0.0004089467469606779,0.0005390381502472754,10
R-HSA-9934037,Formation of neuronal progenitor and neuronal BAF (npBAF and nBAF),0.000408076120053225,0.00036339193779650486,10
R-HSA-5654726,Negative regulation of FGFR1 signaling,0.00040076052929150196,0.0003779082176455246,10
R-HSA-179409,APC-Cdc20 mediated degradation of Nek2A,0.00039996330147835804,0.00038302563985167387,10
R-HSA-9701193,Defective homologous recombination repair (HRR) due to PALB2 loss of function,0.0003948428872599209,0.00035101168612552665,10
R-HSA-9028731,Activated NTRK2 signals through FRS2 and FRS3,0.00039125611407592545,0.0003696056708089263,10
R-HSA-881907,Gastrin-CREB signalling pathway via PKC and MAPK,0.00038678576458599684,0.0003981284722873003,10
R-HSA-6782315,tRNA modification in the nucleus and cytosol,0.0003846028366533424,0.00035883058103682795,10
R-HSA-5654700,FRS-mediated FGFR2 signaling,0.0003837509519157895,0.0002760558242341246,10
R-HSA-416572,Sema4D induced cell migration and growth-cone collapse,0.0003833157990182715,0.0004213875106956101,10
R-HSA-198753,ERK/MAPK targets,0.0003832787809575125,0.0003084784019568339,10
R-HSA-2173791,TGF-beta receptor signaling in EMT (epithelial to mesenchymal transition),0.000381583725402496,0.00042104319796257836,10
R-HSA-9927418,Developmental Lineage of Mammary Gland Luminal Epithelial Cells,0.0003786307395121924,0.00029948560003135256,10
R-HSA-1483191,Synthesis of PC,0.0003778739650201477,0.0002530863671640293,10
R-HSA-5627123,RHO GTPases activate PAKs,0.00037271574588187745,0.0005849021152379317,10
R-HSA-9013418,RHOBTB2 GTPase cycle,0.0003664408305940216,0.00029538199141953604,10
R-HSA-9932451,SWI/SNF chromatin remodelers,0.00035844212958318825,0.0003368597838877444,10
R-HSA-5654732,Negative regulation of FGFR3 signaling,0.0003556534451918833,0.00048398027511639815,10
R-HSA-3301854,Nuclear Pore Complex (NPC) Disassembly,0.00035500932667309443,0.0004346231236828724,10
R-HSA-399956,CRMPs in Sema3A signaling,0.0003545735900953845,0.00040342440012001676,10
R-HSA-9717207,"Sensory perception of sweet, bitter, and umami (glutamate) taste",0.00035000277030472596,0.00030785016186179044,10
R-HSA-9709570,Impaired BRCA2 binding to RAD51,0.0003487608611042321,0.00027089505775234615,10
R-HSA-392851,Prostacyclin signalling through prostacyclin receptor,0.00034315384167595594,0.00020258896808083077,10
R-HSA-5674400,Constitutive Signaling by AKT1 E17K in Cancer,0.0003412237880747875,0.00033640824302705,10
R-HSA-111931,PKA-mediated phosphorylation of CREB,0.00034019445476951625,0.0003835657911363986,10
R-HSA-5621480,Dectin-2 family,0.00033828980764287134,0.00018192140827547968,10
R-HSA-389357,CD28 dependent PI3K/Akt signaling,0.00033757118403977517,0.00032328887707951,10
R-HSA-110373,Resolution of AP sites via the multiple-nucleotide patch replacement pathway,0.000337501484325508,0.0002522856239439632,10
R-HSA-9841251,Mitochondrial unfolded protein response (UPRmt),0.00033691669741080476,0.0003382152230290721,10
R-HSA-9927426,Developmental Lineage of Mammary Gland Alveolar Cells,0.0003347512883145311,0.0003309431846268168,10
R-HSA-169893,Prolonged ERK activation events,0.0003340619074290411,0.0006787615353268663,10
R-HSA-5625900,RHO GTPases activate CIT,0.000333599870531911,0.00044402532219390347,10
R-HSA-174411,Polymerase switching on the C-strand of the telomere,0.0003324093808876858,0.00025063480047651186,10
R-HSA-9609523,Insertion of tail-anchored proteins into the endoplasmic reticulum membrane,0.0003301710832828131,0.00022524469058519524,10
R-HSA-418885,DCC mediated attractive signaling,0.0003123103068327801,0.0003289604455837141,10
R-HSA-532668,N-glycan trimming in the ER and Calnexin/Calreticulin cycle,0.0002951963280738511,0.00019755205175901475,10
R-HSA-199220,Vitamin B5 (pantothenate) metabolism,0.0002949412187868503,0.0002460853184982409,10
R-HSA-399955,SEMA3A-Plexin repulsion signaling by inhibiting Integrin adhesion,0.00029432231813567066,0.00019940051890466313,10
R-HSA-76066,RNA Polymerase III Transcription Initiation From Type 2 Promoter,0.0002897917056997244,0.00021766177782758843,10
R-HSA-69186,Lagging Strand Synthesis,0.00028850028603822524,0.0002645119632846663,10
R-HSA-400451,Free fatty acids regulate insulin secretion,0.00028816661661337876,0.0004441641331063124,10
R-HSA-163615,PKA activation,0.0002846886037288016,0.00042333380183965725,10
R-HSA-177504,Retrograde neurotrophin signalling,0.0002781307888561046,0.00030097381633155927,10
R-HSA-8941856,RUNX3 regulates NOTCH signaling,0.0002775604667036765,0.00027431695019195987,10
R-HSA-901042,Calnexin/calreticulin cycle,0.0002606959824940948,0.00026478943873713156,10
R-HSA-8956321,Nucleotide salvage,0.0002475457843174943,0.000247220962515015,10
R-HSA-9615017,"FOXO-mediated transcription of oxidative stress, metabolic and neuronal genes",0.00024340065242306653,0.00031793949806393444,10
R-HSA-1433559,Regulation of KIT signaling,0.00023929866867454866,0.0002818422700664012,10
R-HSA-9823730,Formation of definitive endoderm,0.00023541595890650443,0.00026278306088593214,10
R-HSA-8866652,Synthesis of active ubiquitin: roles of E1 and E2 enzymes,0.00023041594505556433,0.00021650524123081064,10
R-HSA-76061,RNA Polymerase III Transcription Initiation From Type 1 Promoter,0.0002227137463084058,0.00021362127766178042,10
R-HSA-113510,E2F mediated regulation of DNA replication,0.0002142846477789293,0.0002815437497626721,10
R-HSA-170670,Adenylate cyclase inhibitory pathway,0.00018728978363585487,0.0001755307704882182,10
R-HSA-6804114,TP53 Regulates Transcription of Genes Involved in G2 Cell Cycle Arrest,0.00017917479182264685,0.00013692155791976478,10
R-HSA-3000480,Scavenging by Class A Receptors,0.00015016854331107232,0.00013937388813495562,10
R-HSA-430039,mRNA decay by 5' to 3' exoribonuclease,0.00014943683561713573,0.00015599541563824173,10
